{"cameraMode":{"drawMode":0,"name":"Shaded","section":"Shading Mode"},"sceneLighting":false,"audioPlay":false,"sceneViewState":{"showFog":true,"showMaterialUpdate":false,"showSkybox":false,"showFlares":true,"showImageEffects":true,"showParticleSystems":true},"in2DMode":false,"pivot":{"x":-1.0861616134643555,"y":1.6700000762939454,"z":0.18000000715255738},"rotation":{"x":0.013463597744703293,"y":-0.926794171333313,"z":0.03337891399860382,"w":0.37384116649627688},"size":2.3334527015686037,"orthographic":true}