{"cameraMode":{"drawMode":0,"name":"Shaded","section":"Shading Mode"},"sceneLighting":false,"audioPlay":false,"sceneViewState":{"showFog":true,"showMaterialUpdate":false,"showSkybox":true,"showFlares":true,"showImageEffects":true,"showParticleSystems":true},"in2DMode":false,"pivot":{"x":-5.951330661773682,"y":0.5699999928474426,"z":3.9200000762939455},"rotation":{"x":0.0532187856733799,"y":-0.5629653930664063,"z":0.03636210784316063,"w":0.8239633440971375},"size":1.9847224950790406,"orthographic":true}