{"cameraMode":{"drawMode":0,"name":"Shaded","section":"Shading Mode"},"sceneLighting":true,"audioPlay":false,"sceneViewState":{"showFog":true,"showMaterialUpdate":false,"showSkybox":true,"showFlares":true,"showImageEffects":true,"showParticleSystems":true},"in2DMode":false,"pivot":{"x":0.012068063020706177,"y":1.2141714096069337,"z":-0.26751941442489626},"rotation":{"x":-0.19935822486877442,"y":0.052869364619255069,"z":-0.010772707872092724,"w":-0.9784401655197144},"size":5.79620885848999,"orthographic":true}