{"cameraMode":{"drawMode":0,"name":"Shaded","section":"Shading Mode"},"sceneLighting":false,"audioPlay":false,"sceneViewState":{"showFog":true,"showMaterialUpdate":false,"showSkybox":false,"showFlares":true,"showImageEffects":true,"showParticleSystems":true},"in2DMode":false,"pivot":{"x":-1.4386372566223145,"y":2.472247362136841,"z":3.812743902206421},"rotation":{"x":0.013463597744703293,"y":-0.926794171333313,"z":0.03337891399860382,"w":0.37384116649627688},"size":3.333327054977417,"orthographic":true}