{"cameraMode":{"drawMode":0,"name":"Shaded","section":"Shading Mode"},"sceneLighting":true,"audioPlay":false,"sceneViewState":{"showFog":true,"showMaterialUpdate":false,"showSkybox":true,"showFlares":true,"showImageEffects":true,"showParticleSystems":true},"in2DMode":false,"pivot":{"x":-1.0861616134643555,"y":-1.029836893081665,"z":4.511562347412109},"rotation":{"x":0.03566625341773033,"y":-0.7135564088821411,"z":0.03642306104302406,"w":0.6987407207489014},"size":9.34968376159668,"orthographic":true}