{"cameraMode":{"drawMode":0,"name":"Shaded","section":"Shading Mode"},"sceneLighting":false,"audioPlay":false,"sceneViewState":{"showFog":true,"showMaterialUpdate":false,"showSkybox":true,"showFlares":true,"showImageEffects":true,"showParticleSystems":true},"in2DMode":false,"pivot":{"x":0.42000001668930056,"y":-0.47217994928359988,"z":0.5896731615066528},"rotation":{"x":0.10862106084823609,"y":-0.6863064765930176,"z":0.10477876663208008,"w":0.7114817500114441},"size":3.246333599090576,"orthographic":true}