{"cameraMode":{"drawMode":0,"name":"Shaded","section":"Shading Mode"},"sceneLighting":false,"audioPlay":false,"sceneViewState":{"showFog":true,"showMaterialUpdate":false,"showSkybox":true,"showFlares":true,"showImageEffects":true,"showParticleSystems":true},"in2DMode":false,"pivot":{"x":0.42000001668930056,"y":-0.47217994928359988,"z":0.5896731615066528},"rotation":{"x":0.15236423909664155,"y":-0.6775133013725281,"z":0.14653337001800538,"w":0.7044777274131775},"size":3.246333599090576,"orthographic":true}